"коллаген";1000000;1;8;1072862;37125;1
"метформин";1000000;1;9;312943;43934;1
"мелатонин";1000000;1;9;352157;54313;1
"мазь метилурацил";131000;2;16;152425;43502;1
"димексид";1000000;1;8;472821;52291;1
"креон";1000000;1;5;305306;37881;1
"левомеколь";1000000;1;10;463689;69089;1
"преднизолон";1000000;1;11;361855;52303;1
"амлодипин";1000000;1;9;391086;59297;1
"семена чиа";182000;2;10;439089;51682;1
"аптека";2000000;1;6;13042908;120720;1
"глицин";1000000;1;6;641498;68898;1
"диаскинтест";1000000;1;11;302791;42241;1
"осельтамивир";1000000;1;12;192235;55281;1
"фенибут";1000000;1;7;731210;140125;1
"ребагит";1000000;1;7;198899;35559;1
"глиатилин";1000000;1;9;156773;28514;1
"линекс";1000000;1;6;232769;30682;1
"мазь стелланин";141000;2;14;157015;32577;1
"виагра";1000000;1;6;453569;30525;1
"конкор";1000000;1;6;264102;31803;1
"галоперидол";1000000;1;11;99307;28580;1
"вигантол";1000000;1;8;126340;34691;1
"немозол";1000000;1;7;180481;32004;1
"аппликатор кузнецова";165000;2;20;121946;33632;1
"магний";1000000;1;6;3108750;31535;1
"сорбифер дурулес";118000;2;16;118296;35088;1
"таблетки мелоксикам";147000;2;19;165353;34578;1
"хлорофилл";1000000;1;9;238490;29685;1
"фенотропил";1000000;1;10;105595;33618;1
"мелоксикам таблетки";152000;2;19;167285;35251;1
"сорбифер";1000000;1;8;209713;28488;1
"шалфей";30000;1;6;260153;24173;1
"опатанол";1000000;1;8;88518;24733;1
"триптофан";1000000;1;9;134563;25241;1
"тотема";1000000;1;6;296806;24712;1
"ацц";1000000;1;3;261666;25231;1
"дезлоратадин";1000000;1;12;83624;24367;1
"сельдерей";32000;1;9;326462;27833;1
"винпоцетин";1000000;1;10;135878;25238;1
"аптека ру заказать лекарство с доставкой в аптеку";2000000;8;49;69841;27267;1
"кордицепс";1000000;1;9;95905;25074;1
"фукорцин";1000000;1;8;121706;28099;1
"ромашка";146000;1;7;1398443;27378;1
"аскорил";1000000;1;7;139141;24683;1
"целекоксиб";1000000;1;10;126218;27067;1
"аэртал";1000000;1;6;201013;28151;1
"уколы мелоксикам";109000;2;16;117899;24083;1
"биотин";1000000;1;6;146882;20584;1
"рибоксин";1000000;1;8;127022;22279;1
"янтарная кислота для чего";34000;4;25;79970;23169;1
"расторопша";1000000;1;10;264768;22109;1
"троксерутин";1000000;1;11;164662;22663;1
"дексаметазон уколы инструкция по применению цена";834000;6;48;24035;21028;1
"бруснивер";1000000;1;9;86352;23793;1
"декспантенол";1000000;1;12;128253;23045;1
"найз";1000000;1;4;287064;23498;1
"эффезел";1000000;1;7;90373;22626;1
"пирантел";1000000;1;8;158340;23823;1
"для чего янтарная кислота";33000;4;25;84387;23785;1
"нитроглицерин";1000000;1;13;156762;21682;1
"аптека ру заказать";1000000;3;18;241234;23465;1
"тербинафин";1000000;1;10;167815;23936;1
"феррум лек";129000;2;10;103928;20487;1
"дулоксетин";1000000;1;10;70246;18009;1
"валацикловир";1000000;1;12;81966;18513;1
"дарсонваль";1000000;1;10;169121;19258;1
"полынь";41000;1;6;326499;18443;1
"макмирор";1000000;1;8;113818;18616;1
"валидол";1000000;1;7;135500;18200;1
"q10 коэнзим";2000000;2;11;123617;19977;1
"прививка от клещевого энцефалита";149000;4;32;108410;19162;1
"лецитин";1000000;1;7;204133;19739;1
"суматриптан";1000000;1;11;67666;18612;1
"цинк";1000000;1;4;1450818;20131;1
"мексидол 125 мг таблетки инструкция по применению цена";901000;8;54;20599;19745;1
"мазь метилурациловая";111000;2;20;70623;18262;1
"комбилипен таблетки";137000;2;19;86887;19536;1
"адвантан";1000000;1;8;109366;20227;1
"берберин";1000000;1;8;93497;17872;1
"ферретаб";1000000;1;8;60674;16524;1
"цинковая мазь";136000;2;13;108243;17149;1
"ламотриджин";1000000;1;11;65976;17261;1
"активированный уголь";178000;2;20;263876;17045;1
"протаргол";1000000;1;9;89220;17196;1
"чистотел";3000;1;8;230482;16665;1
"формидрон";1000000;1;9;61999;17629;1
"омник";1000000;1;5;141806;17214;1
"валемидин";1000000;1;9;85166;17371;1
"стелла";1000000;1;6;452693;17151;1
"деринат";1000000;1;7;99821;17635;1
"холин";13000;1;5;224772;17591;1
"катетер";1000000;1;7;453869;16743;1
"симетикон";1000000;1;9;79991;17358;1
"урсодезоксихолевая кислота";145000;2;26;75519;17785;1
"пентовит";1000000;1;8;64691;16480;1
"фосфомицин";1000000;1;10;54570;15000;1
"аевит";1000000;1;5;117950;15523;1
"нолицин";1000000;1;7;80484;15758;1
"анастрозол";1000000;1;10;66115;15174;1
"моксонидин 0 2 мг инструкция по применению цена";4000000;8;47;18168;15626;1
"дапоксетин";1000000;1;10;58718;15100;1
"презервативы";1000000;1;12;791075;16243;1
"селен";1000000;1;5;604368;15658;1
"диазолин";1000000;1;8;68618;16028;1
"перекись водорода";9000;2;17;403152;15555;1
"подорожник";29000;1;10;380149;16372;1
"как избавиться от икоты";58000;4;23;26925;16118;1
"янтарная кислота для чего нужна женщинам";933000;6;40;23396;15164;1
"мята";159000;1;4;965441;15988;1
"эхинацея";11000;1;8;116030;16393;1
"альбумин";1000000;1;8;172396;14995;1
"джардинс";1000000;1;8;81489;14066;1
"комфодерм";1000000;1;9;70494;14211;1
"эзетимиб";1000000;1;8;95365;14612;1
"аптека ру спб";1000000;3;13;25992;14181;1
"орлистат";1000000;1;8;74345;14536;1
"фенибут 250 мг инструкция по применению цена";923000;7;44;14648;14117;1
"мелаксен";1000000;1;8;57526;14757;1
"чистка лица";587000;2;11;279404;14543;1
"элидел крем";147000;2;11;36282;14652;1
"ипидакрин";1000000;1;9;80405;14517;1
"тантум верде";136000;2;12;94016;14860;1
"вермокс";1000000;1;7;81463;14654;1
"компрессионные чулки";158000;2;20;252996;14131;1
"таблетки фенибут";130000;2;16;86763;14638;1
"валтрекс";1000000;1;8;55037;14990;1
"пароксетин";1000000;1;10;52999;13981;1
"исландский мох";130000;2;14;77969;13268;1
"ребамипид";1000000;1;9;64406;13618;1
"синусэфрин";3000;1;10;59032;13701;1
"пустырник";1000000;1;9;258307;13576;1
"грандаксин таблетки";152000;2;19;55918;13631;1
"сидерал форте";140000;2;13;40295;13422;1
"календула";14000;1;9;166469;13827;1
"метиленовый синий";199000;2;17;76610;13682;1
"нозефрин";1000000;1;8;66535;13729;1
"мелоксикам 15 мг таблетки инструкция по применению цена";2000000;8;55;14379;13626;1
"феринжект купить";656000;2;16;73198;13914;1
"снуп";1000000;1;4;162110;13735;1
"димексид раствор";120000;2;16;85712;13554;1
"найс";1000000;1;4;232840;13717;1
"аланин";4000;1;6;165546;13921;1
"купить феринжект";577000;2;16;70888;13235;1
"родиола розовая";173000;2;15;44542;12714;1
"сермион";1000000;1;7;72523;12939;1
"эзиклен";1000000;1;7;78577;13088;1
"декарис";1000000;1;7;69832;12930;1
"милурит";1000000;1;7;83228;13065;1
"ферлатум";1000000;1;8;61354;12735;1
"олифрин";1000000;1;7;54433;13187;1
"ко перинева";374000;2;11;59618;13086;1
"цитофлавин инструкция по применению цена";778000;5;40;25255;13166;1
"лапчатка";1000000;1;8;149345;13040;1
"лимфомиозот капли для приема внутрь";331000;5;35;36986;13190;1
"чулки компрессионные";138000;2;20;235912;13170;1
"ниацинамид";1000000;1;10;131577;12912;1
"семена льна";210000;2;11;274603;13109;1
"аргинин";1000000;1;7;128200;13191;1
"apteka ru";1000000;2;9;43743;12684;1
"женьшень";1000000;1;8;157341;12110;1
"сиалис";1000000;1;6;57925;12348;1
"мазь стелланин цена инструкция по применению";740000;6;44;20694;12524;1
"бринтелликс";1000000;1;11;39494;12322;1
"феварин";1000000;1;7;55122;12368;1
"скинорен";1000000;1;8;49569;12217;1
"стелланин мазь цена инструкция по применению";845000;6;44;20735;12573;1
"викасол";1000000;1;7;60615;12372;1
"нефопам";1000000;1;7;46749;12541;1
"оки";2000000;1;3;2993817;12361;1
"клексан";1000000;1;7;77761;12577;1
"стелланин мазь инструкция по применению цена";780000;6;44;20735;12573;1
"левомеколь мазь инструкция по применению цена";806000;6;45;13901;12229;1
"трамицент";3000;1;9;60845;12531;1
"тилорон";1000000;1;7;69874;12644;1
"хитозан";1000000;1;7;65722;12019;1
"вамлосет";1000000;1;8;82623;11447;1
"итомед";1000000;1;6;56817;11654;1
"масло льняное";225000;2;13;174510;11799;1
"магний цитрат";126000;2;13;168681;11650;1
"комбилипен таблетки инструкция по применению цена";845000;6;49;15137;11768;1
"пантовигар";1000000;1;10;47390;11599;1
"декспантенол мазь";126000;2;17;55747;12009;1
"льняное масло";225000;2;13;174510;11799;1
"гиалуроновая кислота";140000;2;20;279492;11911;1
"дона";2000000;1;4;12723121;11706;1
"диклофенак уколы инструкция по применению цена";836000;6;46;13517;12010;1
"метилурациловая мазь инструкция по применению цена";812000;6;50;13250;12003;1
"тысячелистник";3000;1;13;106914;11606;1
"методоксил";3000;1;10;21246;11863;1
"хондроитин";1000000;1;10;253677;12011;1
"энтерол инструкция по применению цена";829000;5;37;18437;11420;1
"эффезел гель";142000;2;12;25831;10763;1
"семакс";1000000;1;6;63945;10828;1
"цитовир";1000000;1;7;89379;11092;1
"гель эффезел";114000;2;12;26159;10828;1
"таблетки панкреатин";127000;2;19;66733;11009;1
"йод";1000000;1;3;907366;10766;1
"кордиамин";1000000;1;9;44981;11176;1
"нольпаза 20 мг инструкция по применению цена";2000000;7;44;12537;11053;1
"ондансетрон";1000000;1;11;33255;11118;1
"астаксантин";1000000;1;11;42448;10907;1
"ламинария";1000000;1;9;125176;11192;1
"неотанин";1000000;1;8;54980;11125;1
"финастерид";1000000;1;10;42164;10779;1
"метадоксин";957000;1;10;17304;11102;1
"детралекс инструкция по применению цена";832000;5;39;33562;11389;1
"капли тобрекс глазные";128000;3;21;36685;10727;1
"таблетки от глистов";161000;3;19;123058;10427;1
"лекролин";1000000;1;8;56385;10538;1
"назаваль";1000000;1;8;37826;10592;1
"бета аланин";153000;2;11;56322;10535;1
"таблетки";1000000;1;8;27437965;10572;1
"псиллиум что это";2000000;3;16;18242;10510;1
"воротник шанца";138000;2;14;36130;10631;1
"мелоксикам уколы инструкция по применению цена";839000;6;46;16878;10579;1
"l карнитин";477000;2;10;68059;10618;1
"разо";6000000;1;4;88839;10540;1
"витамины для волос";235000;3;18;145477;10699;1
"паксил";1000000;1;6;53189;10622;1
"псиллиум это что";2000000;3;16;18242;10510;1
"левомицетин капли";150000;2;17;54724;10609;1
"веррукацид";1000000;1;10;41654;10699;1
"доксиламин";1000000;1;10;43406;10411;1
"циновит";1000000;1;7;61955;9978;1
"триазавирин";1000000;1;11;27051;10061;1
"лив 52";644000;2;6;54838;10176;1
"блефарогель";1000000;1;11;52774;10024;1
"гипосарт";1000000;1;8;65429;10091;1
"сотрет";1000000;1;6;443671;9985;1
"крапива";46000;1;7;387923;10345;1
"бак сет";743000;2;7;96330;10144;1
"эсвицин";1000000;1;7;48689;10267;1
"таблетки от глистов для человека";1000000;5;32;30516;10081;1
"свечи диклофенак";171000;2;16;48179;10353;1
"ферум лек";129000;2;9;45059;10274;1
"эстровэл";1000000;1;8;40334;10005;1
"артра таблетки для суставов цена";722000;5;32;21692;10201;1
"катетер фолея";130000;2;13;55896;10371;1
"крем тербинафин";123000;2;15;30612;9960;1
"тербинафин крем";152000;2;15;29324;9492;1
"гель азелик";114000;2;11;24334;9558;1
"пикамилон 50 мг инструкция по применению цена";1000000;7;45;11055;9662;1
"панкреатин инструкция по применению цена";775000;5;40;15753;9541;1
"люголь";1000000;1;6;76907;9575;1
"крестор";1000000;1;7;61384;9519;1
"лизин";1000000;1;5;106586;9818;1
"долфин";1000000;1;6;85709;9655;1
"ринза";1000000;1;5;64702;9685;1
"бепантен крем";152000;2;13;27804;9570;1
"нефростен";1000000;1;9;55384;9836;1
"менсе";4000000;1;5;97059;9806;1
"димексид раствор инструкция по применению цена";781000;6;46;10816;9536;1
"стевия";1000000;1;6;87447;9663;1
"глюкозамин";1000000;1;10;202522;9945;1
"никотиновая кислота для волос";231000;4;29;32611;9485;1
"душица";3000;1;6;72135;9176;1
"крем эмолент";126000;2;12;24588;9232;1
"гинекологическое зеркало";177000;2;24;22663;9347;1
"релиф мазь";141000;2;10;38916;9203;1
"кофеин";1000000;1;6;350088;9300;1
"хлорелла";1000000;1;8;105225;9179;1
"милдронат 500 инструкция по применению цена";981000;6;43;11613;9424;1
"беродуал для ингаляций инструкция по применению цена";724000;7;52;10243;9321;1
"иберогаст";1000000;1;9;38315;9401;1
"мелатонин таблетки";153000;2;18;65691;9296;1
"монтелукаст таблетки";148000;2;20;34464;9455;1
"бефунгин";1000000;1;8;56147;9401;1
"селектра";1000000;1;8;44572;9186;1
"зеркало гинекологическое";187000;2;24;22663;9347;1
"шампунь от перхоти";136000;3;18;85307;9467;1
"ко тримоксазол";377000;2;14;40957;9162;1
"индол";1000000;1;5;96704;8848;1
"рыбий жир";186000;2;9;178130;8987;1
"глицин инструкция по применению цена";830000;5;36;20614;9042;1
"аптека ру воронеж";1000000;3;17;14993;8947;1
"гинкоум";1000000;1;7;62995;8995;1
"белладонна";5000;1;10;78018;8856;1
"максиколд";1000000;1;9;49844;9096;1
"амелотекс гель";129000;2;14;27555;9020;1
"дифферин";1000000;1;8;48590;9076;1
"дикироген";5000;1;9;28774;8991;1
"бинт эластичный";113000;2;15;113054;9117;1
"проспекта таблетки инструкция по применению цена";922000;6;48;15052;9088;1
"вазелин";1000000;1;7;115260;8912;1
"таблетки мелатонин";127000;2;18;63407;9050;1
"мазь релиф";137000;2;10;38722;9130;1
"мелоксикам раствор для инъекций";140000;4;31;22641;8845;1
"таблетки цитофлавин";125000;2;19;81694;8560;1
"габа";1000000;1;4;122202;8693;1
"лориста таблетки";153000;2;16;42747;8754;1
"артоксан уколы";135000;2;14;41098;8644;1
"низорал шампунь";136000;2;15;24411;8728;1
"нутридринк";1000000;1;10;42689;8567;1
"вильпрафен";1000000;1;10;36656;8811;1
"отрио";4000;1;5;45669;8752;1
"тенотен детский";569000;2;15;33584;8790;1
"бетадин раствор";122000;2;15;39927;8720;1
"эластичный бинт";114000;2;15;108311;8837;1
"фуросемид таблетки";151000;2;18;45075;8797;1
"велаксин";1000000;1;8;43082;8571;1
"пессарий";1000000;1;8;88475;8777;1
"пассифлора";3000;1;10;41174;8842;1
"кружка эсмарха";154000;2;14;27475;8556;1
"магний для чего нужен организму";703000;5;31;25788;8252;1
"уколы артоксан";107000;2;14;39682;8332;1
"цитофлавин таблетки";153000;2;19;79085;8438;1
"л тироксин";322000;2;10;56235;8316;1
"урсосан 250";251000;2;11;64979;8392;1
"постеризан";1000000;1;10;80731;8254;1
"таблетки цистон";124000;2;15;43713;8485;1
"шампунь низорал";115000;2;15;23749;8417;1
"телзап";1000000;1;6;73687;8456;1
"бетагистин таблетки";147000;2;19;54016;8361;1
"рибофлавин";1000000;1;10;45583;8494;1
"метронидазол 500 инструкция по применению цена";950000;6;46;9495;8482;1
"тмин";1000000;1;4;234885;8307;1
"вазаламин";1000000;1;9;57528;8445;1
"реглисам";1000000;1;8;39138;8548;1
"морская капуста";277000;2;15;179968;8206;1
"крем липобейз";131000;2;13;26105;7920;1
"роватинекс";1000000;1;10;29729;7968;1
"спрей лидокаин";116000;2;14;30245;8092;1
"мовипреп";1000000;1;8;35608;7967;1
"винилин";1000000;1;7;46463;8003;1
"магнерот 500 мг инструкция по применению цена";968000;7;45;9309;7928;1
"таблетки каптоприл";124000;2;18;40199;8187;1
"нейроуридин";3000;1;11;33993;8031;1
"супренамин";1000000;1;10;41017;8137;1
"проспекта таблетки";281000;2;18;94395;7982;1
"цефтриаксон уколы инструкция по применению цена";835000;6;47;9754;8198;1
"струя бобра";142000;2;11;49022;8147;1
"урсосан капсулы";136000;2;15;39507;7945;1
"пачули";13000;1;6;45700;8135;1
"цистон таблетки";143000;2;15;42501;8203;1
"облепиховое масло";222000;2;17;105335;7919;1
"леветирацетам";1000000;1;13;26169;7735;1
"солантра крем";150000;2;13;22947;7768;1
"липотропный фактор эвалар";184000;3;25;27876;7842;1
"аптека ру нижний новгород";1000000;4;25;13529;7758;1
"крем клотримазол";153000;2;16;33101;7823;1
"бифицин";3000;1;7;32694;7737;1
"мазь пантенол";115000;2;13;34836;7899;1
"клотримазол крем";152000;2;16;33101;7823;1
"аптечная ромашка";21000;2;16;49280;7876;1
"силуэт";1000000;1;6;378268;7797;1
"дифертон";3000;1;8;27965;7912;1
"голдлайн";1000000;1;8;102019;7897;1
"свечи ацилакт";150000;2;13;39344;7750;1
"аптека ру новосибирск";1000000;3;21;13839;7867;1
"грандаксин 50 мг инструкция по применению цена";1000000;7;46;8307;7917;1
"ликопид";1000000;1;7;32448;7727;1
"куркумин";1000000;1;8;65833;7516;1
"ромашка аптечная";22000;2;16;47212;7608;1
"монтелар";1000000;1;8;36327;7665;1
"таблетки пирацетам";126000;2;18;36242;7600;1
"кандид";1000000;1;6;158723;7638;1
"клареол";1000000;1;7;61997;7521;1
"липобейз крем";153000;2;13;25526;7701;1
"донормил таблетки";152000;2;17;31200;7660;1
"свечи депантол";172000;2;14;28428;7681;1
"холензим";1000000;1;8;36675;7636;1
"базирон";1000000;1;7;65185;7719;1
"тирзепатид";3000;1;10;23983;7684;1
"атомоксетин";1000000;1;11;28444;7576;1
"таблетки проспекта";243000;2;18;90233;7667;1
"фексадин";1000000;1;8;27583;7721;1
"оксифрин";1000000;1;8;30648;7501;1
"ирс 19";1000000;2;6;31822;7164;1
"альфазокс инструкция по применению цена";840000;5;39;14870;7204;1
"витамины аевит";126000;2;14;32004;7281;1
"пластырь";1000000;1;8;670151;7197;1
"арлеверт";1000000;1;8;34987;7243;1
"теймурова паста";154000;2;15;33873;7189;1
"ветом";1000000;1;5;106811;7364;1
"осельтамивир 75 мг инструкция по применению цена";1000000;7;48;7979;7274;1
"вилдаглиптин";1000000;1;12;44180;7343;1
"фламин";1000000;1;6;31743;7229;1
"эсвицин для волос";210000;3;17;21362;7499;1
"аевит витамины";149000;2;14;32222;7343;1
"кальцемин";1000000;1;9;73836;7191;1
"аптека ру красноярск";1000000;3;20;12455;7310;1
"пирантел таблетки";148000;2;17;34573;7500;1
"фенибут инструкция по применению цена";829000;5;37;25061;7159;1
"аспаркам инструкция по применению цена";834000;5;38;13931;7044;1
"ретиноевая мазь";134000;2;15;26295;7082;1
"гель клиндовит";117000;2;14;21656;7096;1
"эзетимиб 10 мг инструкция по применению цена";2000000;7;44;8870;7079;1
"эмолент крем";132000;2;12;20476;7095;1
"орвис рино";135000;2;10;40249;7067;1
"лекролин глазные капли";131000;3;22;18904;7144;1
"клиндовит гель";121000;2;14;21656;7096;1
"хофитол инструкция по применению цена";748000;5;37;12141;7120;1
"калмирекс";1000000;1;9;41459;7084;1
"лекролин капли глазные";112000;3;22;18904;7144;1
"спираль";116000;1;7;754112;7131;1
"селцинк";1000000;1;7;38277;7074;1
"крем неотанин";144000;2;13;20354;7109;1
"азатиоприн";1000000;1;10;21622;7152;1
"сорбит";1000000;1;6;43011;7029;1
"берокка";1000000;1;7;45106;6813;1
"меропенем";1000000;1;9;23249;6864;1
"прегнотон";1000000;1;9;24250;6892;1
"аллергодил";995000;1;10;26719;6851;1
"гилан";1000000;1;5;62957;6884;1
"монурал инструкция по применению цена";831000;5;37;13310;6820;1
"таблетки диклофенак инструкция по применению цена";657000;6;49;8900;6948;1
"липотропный фактор";208000;2;18;66784;6889;1
"сперотон";1000000;1;8;20380;6935;1
"аптека ру белгород";1000000;3;18;10113;6876;1
"эноксапарин";1000000;1;11;32742;7002;1
"от молочницы таблетки для женщин";468000;5;32;15963;6944;1
"тест на овуляцию";262000;3;16;57176;6837;1
"эвалар липотропный фактор";130000;3;25;24541;6919;1
"ревит";1000000;1;5;255113;7005;1
"лоротокс";1000000;1;8;34169;6795;1
"вессел дуэ ф";211000;3;12;47458;6631;1
"ликопин";1000000;1;7;38113;6653;1
"сумамед 500 мг инструкция по применению цена";996000;7;44;7207;6702;1
"градусник";1000000;1;9;420021;6641;1
"аптека ру саратов";1000000;3;17;10531;6678;1
"калия йодид";125000;2;11;70318;6638;1
"перечная мята";19000;2;13;55247;6758;1
"асд";18000000;1;3;276835;6702;1
"респеро миртол";106000;2;14;32855;6756;1
"амбене био";146000;2;10;48312;6657;1
"артра мсм";128000;2;9;37985;6759;1
"мята перечная";19000;2;13;55247;6758;1
"йодид калия";110000;2;11;70318;6638;1
"артра таблетки";142000;2;14;89360;6745;1
"неотанин крем";131000;2;13;19533;6759;1
"ретиналамин";1000000;1;11;31740;6626;1
"альфакальцидол";1000000;1;14;21753;6477;1
"кора осины";146000;2;10;95693;6512;1
"гептор";1000000;1;6;46841;6569;1
"ярина";1000000;1;5;106520;6501;1
"зубная паста";153000;2;12;559977;6551;1
"бадяга";1000000;1;6;79495;6480;1
"аптека ру официальный сайт";2000000;4;26;62646;6604;1
"фруктоза";1000000;1;8;144980;6564;1
"октенисепт";1000000;1;10;16297;6594;1
"хронотрон";3000;1;9;36872;6539;1
"деготь";1000000;1;6;110251;6607;1
"аптека ру сайт официальный";2000000;4;26;62646;6604;1
"солодка";1000000;1;7;199651;6482;1
"полисорб мп порошок для приготовления суспензии для приема внутрь";384000;9;65;19870;6593;1
"кромогексал";985000;1;11;25956;6615;1
"индинол";1000000;1;7;83739;6474;1
"карнитин";1000000;1;8;256767;6247;1
"фунгодерил";3000;1;10;39706;6281;1
"марена красильная";126000;2;17;34776;6366;1
"магне в6 форте";4000000;3;14;18012;6273;1
"эманера";1000000;1;7;33154;6349;1
"масло вазелиновое";185000;2;17;55868;6249;1
"серетид";1000000;1;7;35414;6442;1
"арипипразол";1000000;1;11;24129;6362;1
"эритропоэтин";1000000;1;12;30596;6381;1
"шприц";1000000;1;5;816916;6337;1
"ципролет капли";155000;2;14;30928;6444;1
"ретинол для кожи лица";626000;4;21;14849;6418;1
"анауран капли";156000;2;13;25997;6273;1
"вазелиновое масло";221000;2;17;57750;6370;1
"теноксикам";1000000;1;10;34601;6456;1
"эстрогиал";1000000;1;9;51471;6237;1
"фенюльс";1000000;1;7;20917;6133;1
"тамифлю капсулы";145000;2;15;13357;6152;1
"отруби";1000000;1;6;241424;6159;1
"индол форте";127000;2;11;25631;6145;1
"нифурател";1000000;1;9;27335;6155;1
"аптека ру санкт петербург";1000000;4;25;12181;6139;1
"аптека ру заказать лекарство";1000000;4;28;157301;6202;1
"олестезин свечи";146000;2;15;40313;6156;1
"железо солгар";151000;2;13;22986;6178;1
"аллергостин";4000;1;11;18954;6153;1
"клареол гель от папиллом цена отзывы";1000000;6;36;10249;6234;1
"милурит 100 мг инструкция по применению цена";1000000;7;44;6994;6192;1
"бобровая струя";148000;2;14;53021;6139;1
"транексам 500 мг инструкция по применению цена";966000;7;46;6431;6166;1
"софрадекс";1000000;1;9;26778;6237;1
"холосас";1000000;1;7;33975;6120;1
"иноферт";1000000;1;7;33190;5894;1
"белая лапчатка";341000;2;14;34047;5971;1
"уронекст";3000;1;8;20297;6000;1
"аквадетрим витамин д3 инструкция к применению цена";3000000;7;50;6409;5971;1
"пиаскледин 300";302000;2;14;32386;5983;1
"нанопласт";1000000;1;9;51703;5911;1
"ацикловир 200 мг таблетки инструкция цена";948000;6;41;7120;6099;1
"серената";1000000;1;8;35142;5998;1
"артнео";1000000;1;6;37565;6081;1
"редуксин капсулы";146000;2;16;25547;5977;1
"бифиформ капсулы кишечнорастворимые";150000;3;35;12610;6103;1
"геделикс сироп";133000;2;14;23501;6082;1
"лапчатка белая";411000;2;14;34047;5971;1
"карбамазепин 200 мг инструкция по применению цена";940000;7;49;6851;6071;1
"линекс форте инструкция по применению цена";781000;6;42;7423;6105;1
"пантокальцин";1000000;1;12;25613;5893;1
"трава чабрец";70000;2;12;21718;5746;1
"оки гранулы";217000;2;11;30112;5783;1
"свечи облепиховые";172000;2;17;43540;5818;1
"монурал цена";668000;2;12;28991;5780;1
"гепариновая мазь инструкция по применению цена";836000;6;46;7777;5801;1
"эксенза";1000000;1;7;26008;5758;1
"флексотрон соло";73000;2;15;29345;5841;1
"облепиховые свечи";152000;2;17;43350;5811;1
"мотилак";1000000;1;7;26939;5827;1
"тадалафил для чего";3000000;3;18;13765;5789;1
"боровая матка";137000;2;13;53975;5843;1
"беклометазон";1000000;1;12;29219;5834;1
"фурадонин 100 мг инструкция по применению цена";1000000;7;46;6104;5764;1
"для чего магний в6";4000000;4;18;22270;5823;1
"чабрец трава";165000;2;12;21916;5868;1
"паста цинковая";108000;2;14;46851;5736;1
"спорыш трава";82000;2;12;16387;5586;1
"пирантел суспензия";128000;2;18;22942;5637;1
"пироксикам";1000000;1;10;26513;5690;1
"триплексам";1000000;1;10;56531;5618;1
"купить спираль мирена";571000;3;21;17714;5647;1
"трава спорыш";69000;2;12;16387;5586;1
"дипромета";4000;1;9;46644;5722;1
"орвис рино таблетки";158000;3;19;20214;5678;1
"солгар железо";176000;2;13;21604;5705;1
"ребагит таблетки покрытые пленочной оболочкой";200000;5;45;21043;5638;1
"бранолинд";1000000;1;9;29097;5728;1
"цинокап";1000000;1;7;30892;5715;1
"мексидол 250 мг таблетки инструкция по применению цена";929000;8;54;5886;5611;1
"девясил";3000;1;7;41070;5705;1
"гель клареол от папиллом";210000;4;24;26707;5729;1
"лютеин";1000000;1;6;74082;5583;1
"амелотекс уколы инструкция по применению цена";842000;6;45;7088;5444;1
"цитизин";1000000;1;7;22064;5524;1
"вигамокс";1000000;1;8;23858;5550;1
"протопик";1000000;1;8;28799;5478;1
"контрактубекс гель";144000;2;18;18732;5526;1
"капли лимфомиозот";128000;2;17;70783;5456;1
"селмевит";1000000;1;8;27079;5567;1
"нафтифин";1000000;1;8;35637;5530;1
"губка гемостатическая";112000;2;21;23536;5556;1
"гепцифол";3000;1;8;34054;5525;1
"магний хелат эвалар";138000;3;19;20482;5582;1
"ловелас";26000;1;7;40918;5559;1
"гонадотропин";1000000;1;12;58740;5474;1
"гемостатическая губка";140000;2;21;23536;5556;1
"магний эвалар хелат";96000;3;19;20482;5582;1
"синуфорте";1000000;1;9;20652;5435;1
"актитропил";3000;1;10;18554;5356;1
"что такое биполярка";3000;3;19;7641;5370;1
"сорбифер дурулес инструкция по применению цена";832000;6;46;6508;5406;1
"фарма";1000000;1;5;775777;5370;1
"мазь финалгон";113000;2;13;20913;5380;1
"феррум лек таблетки";155000;3;19;25080;5356;1
"проктоседил";1000000;1;11;28632;5425;1
"фостер";1000000;1;6;125476;5393;1
"климонорм";1000000;1;9;21813;5423;1
"аптека ру екатеринбург";1000000;3;22;8535;5370;1
"эвалар магний хелат";110000;3;19;19641;5429;1
"купить семена чиа";639000;3;17;19203;5423;1
"магния хелат";131000;2;12;127042;5363;1
"вермокс таблетки";152000;2;16;21317;5412;1
"карбоцистеин сироп";130000;2;18;16960;5430;1
"капли лекролин";82000;2;14;31357;5355;1
"витамины берокка";131000;2;16;13906;5286;1
"картилокс";3000;1;9;23621;5290;1
"ренни";1000000;1;5;57683;5310;1
"хелат магния";112000;2;12;124095;5290;1
"тиоктовая кислота 600 мг цена инструкция таблетки";835000;7;49;5928;5298;1
"гимекромон";1000000;1;10;25542;5286;1
"как перестать икать";84000;3;19;8022;5349;1
"виксипин";1000000;1;8;31669;5306;1
"троксерутин гель инструкция по применению цена";771000;6;46;6225;5313;1
"мазь ауробин";136000;2;12;18293;5295;1
"мирена спираль купить";644000;3;21;16825;5354;1
"рутин";1000000;1;5;120418;5318;1
"берокка витамины";131000;2;16;13906;5286;1
"чистка лица механическая";572000;3;24;35832;5311;1
"лекролин капли";128000;2;14;31357;5355;1
"тысячелистник обыкновенный";16000;2;26;15988;5270;1
"катионорм";1000000;1;9;22409;5168;1
"ниацин";3000;1;6;21051;5181;1
"касторовое масло для чего";113000;4;25;15619;5218;1
"спираль мирена купить";661000;3;21;16334;5177;1
"свечи экофуцин";130000;2;14;16801;5200;1
"мелатонин таблетки для сна цена";795000;5;31;7975;5168;1
"картифлекс";1000000;1;10;23932;5233;1
"голдлайн плюс капсулы";326000;3;21;17028;5207;1
"ренгалин инструкция по применению цена";808000;5;38;7760;5229;1
"турбослим";1000000;1;9;77495;5186;1
"коллаген морской";258000;2;16;80409;5238;1
"капли эскузан";155000;2;13;39429;5233;1
"таблетки нистатин";124000;2;17;25994;5169;1
"препарат";1000000;1;8;8346161;5225;1
"циклим";1000000;1;6;43844;5255;1
"коэнзим";1000000;1;7;194271;5164;1
"полисорб инструкция по применению цена";829000;5;38;6909;5090;1
"морской коллаген";257000;2;16;78374;5110;1
"аптека ру волгоград";1000000;3;19;8347;5118;1
"крем овестин";128000;2;12;17940;5108;1
"таблетки силуэт";135000;2;15;18456;5114;1
"скинорен крем";152000;2;13;12750;5094;1
"магний для чего";3000000;3;15;166861;5133;1
"трибулус";1000000;1;8;31823;5118;1
"семена чиа купить";675000;3;17;18097;5127;1
"бутамират";1000000;1;9;23011;5113;1
"вигантол капли";133000;2;14;26328;5146;1
"механическая чистка лица";610000;3;24;34777;5129;1
"клималанин таблетки";153000;2;19;14975;5103;1
"5 htp";3000000;2;5;41653;5127;1
"лизобакт таблетки инструкция по применению цена";846000;6;47;6320;5159;1
"малоежка";1000000;1;8;28909;5073;1
"акласта";1000000;1;7;29883;4957;1
"лариста";1000000;1;7;15426;4996;1
"олифрин спрей для носа";154000;4;22;13898;5040;1
"эстрогиал гель";145000;2;14;17054;4984;1
"селанк капли";156000;2;12;19543;5006;1
"метформин 1000 инструкция по применению цена";954000;6;44;6340;4974;1
"сателлит";1000000;1;8;179648;5052;1
"эплан";1000000;1;5;24429;5025;1
"детский крем";535000;2;12;70485;5052;1
"стрептотест";1000000;1;11;15735;5002;1
"йохимбин";1000000;1;8;21852;5060;1
"крем детский";548000;2;12;70485;5052;1
"метформин 500 инструкция по применению цена";980000;6;43;5804;4974;1
"мерц";2000000;1;4;139417;5043;1
"редуксин таблетки для похудения цена";723000;5;36;8453;5066;1
"гелангин";3000;1;8;24784;4934;1
"монтрал";1000000;1;7;19957;4831;1
"буспирон";1000000;1;8;12251;4855;1
"тонзилгон капли";155000;2;15;41715;4870;1
"мазь спасатель";139000;2;14;14537;4841;1
"имодиум экспресс";182000;2;16;19549;4861;1
"такропик";1000000;1;8;27760;4833;1
"монтлезир";4000;1;9;17349;4927;1
"проспекта таблетки для рассасывания";269000;4;35;15351;4862;1
"от папиллом средство";2000000;3;20;23395;4917;1
"римантадин инструкция по применению цена";948000;5;40;5338;4860;1
"гонадотропин хорионический";126000;2;26;30878;4928;1
"лестата";863000;1;7;17966;4922;1
"чиа семена купить";606000;3;17;17054;4839;1
"спасатель мазь";166000;2;14;14686;4888;1
"крем скинорен";106000;2;13;12604;4932;1
"клиндовит комбо";148000;2;15;14010;4831;1
"гель вагилак";113000;2;12;14017;4702;1
"лимфотранзит эвалар";107000;2;19;14986;4756;1
"преднизолон 5 мг таблетки инструкция по применению цена";3000000;8;55;5029;4800;1
"тонзилгон инструкция по применению цена";837000;5;39;8133;4755;1
"флостерон";1000000;1;9;26184;4790;1
"некст таблетки";277000;2;14;18937;4710;1
"фортедетрим";3000;1;11;21605;4816;1
"вазонит";1000000;1;7;25374;4793;1
"крем скин кап";191000;3;13;12947;4810;1
"депантол";1000000;1;8;51604;4788;1
"аллохол инструкция по применению цена";835000;5;37;7605;4816;1
"аптека ру заказать лекарство с доставкой в аптеку ближайшую аптеку";1000000;10;66;15459;4814;1
"индап";1000000;1;5;16798;4733;1
"капли селанк";113000;2;12;18844;4800;1
"артоксан уколы инструкция по применению цена";775000;6;44;8636;4829;1
"вагилак гель";143000;2;12;14017;4702;1
"эвалар лимфотранзит";84000;2;19;14517;4649;1
"гель диклофенак инструкция по применению цена";651000;6;45;9077;4656;1
"ксилокт";4000;1;7;21361;4671;1
"иноферт форте";143000;2;13;13770;4653;1
"пепсин";1000000;1;6;68335;4660;1
"гель артоксан";94000;2;13;11556;4650;1
"румалон раствор для инъекций";128000;4;28;18079;4681;1
"сандал";35000;1;6;68888;4671;1
"скин кап крем";205000;3;13;12608;4675;1
"диклофенак гель инструкция по применению цена";837000;6;45;9077;4656;1
"нутрифайбер";3000;1;11;20908;4689;1
"уродерм мазь";115000;2;12;13824;4677;1
"артоксан гель";148000;2;13;11556;4650;1
"латран";1000000;1;6;18647;4673;1
"инозин";1000000;1;6;29504;4691;1
"пектуссин";969000;1;9;6017;4644;1
"оки акт гранулы";210000;3;15;12699;4583;1
"живица";1000000;1;6;81790;4607;1
"таблетки пустырник";124000;2;18;62756;4615;1
"шприц жане";123000;2;10;14731;4594;1
"йодантипирин";963000;1;12;14984;4610;1
"аптека ру самара";1000000;3;16;8271;4592;1
"ортосифон";1000000;1;9;35898;4629;1
"тиотриазолин";1000000;1;12;18472;4614;1
"что такое гемоглобин";7000;3;20;22210;4624;1
"простатилен";1000000;1;11;38415;4608;1
"аптека ру брянск";1000000;3;16;7107;4630;1
"прогинова";1000000;1;9;31701;4624;1
"хорионический гонадотропин";115000;2;26;29752;4592;1
"муравьиный спирт";134000;2;16;35074;4622;1
"укол от аллергии";150000;3;16;36020;4632;1
"пустырник таблетки";131000;2;18;62371;4581;1
"аденурик";1000000;1;8;23443;4495;1
"ипидакрин 20 мг инструкция по применению цена";2000000;7;45;5735;4529;1
"капли ирифрин";132000;2;13;25843;4545;1
"свечи проктогливенол";147000;2;20;16613;4526;1
"милурит таблетки";131000;2;16;21746;4530;1
"роксера плюс";310000;2;12;25517;4511;1
"имофераза";1000000;1;9;18046;4557;1
"ингасалин";3000;1;9;24710;4545;1
"аптека ру ростов на дону";1000000;5;24;7378;4554;1
"мазь серная";94000;2;11;34035;4530;1
"лостерин";1000000;1;8;32978;4560;1
"таблетки ципролет";123000;2;17;60693;4555;1
"левомеколь цена";690000;2;15;36487;4521;1
"аптека ру челябинск";1000000;3;19;7233;4550;1
"ляписный карандаш";144000;2;17;19899;4564;1
"крем боро плюс";347000;3;14;19508;4481;1
"флуцинар мазь";135000;2;13;14492;4429;1
"фринозол";1000000;1;8;17532;4444;1
"омарон";1000000;1;6;23618;4456;1
"сабельник";1000000;1;9;67770;4443;1
"таблетки нимесулид инструкция по применению цена";643000;6;48;6822;4451;1
"уродерм";1000000;1;7;26198;4436;1
"суглат";3000;1;6;19912;4471;1
"скиноклир гель";121000;2;14;12700;4454;1
"золадекс";1000000;1;8;22142;4465;1
"розулип плюс";312000;2;12;22540;4451;1
"перфектил";1000000;1;9;20371;4475;1
"метилпреднизолон";1000000;1;16;24192;4469;1
"барсучий жир";145000;2;12;59579;4440;1
"серная мазь";115000;2;11;33890;4464;1
"таблетки спазган";108000;2;16;22772;4477;1
"сульфат магния порошок";97000;3;22;31035;4423;1
"дуожиналь";3000;1;9;16873;4346;1
"вальсакор таблетки";131000;2;18;21560;4367;1
"таблетки от запора";159000;3;18;25103;4393;1
"омакор капсулы";147000;2;14;13360;4360;1
"леводопа";1000000;1;8;26888;4381;1
"бф";1000000;1;2;609558;4354;1
"интернет аптека";663000;2;15;341819;4413;1
"диалрапид";3000;1;9;20388;4392;1
"димефосфон";1000000;1;10;17494;4401;1
"эксенза спрей";119000;2;13;14257;4372;1
"азеластин";1000000;1;9;20946;4416;1
"аптека интернет";639000;2;15;341819;4413;1
"аптеки ру";1000000;2;9;2285198;4359;1
"таблетки милурит";108000;2;16;20880;4395;1
"мильгамма композитум таблетки";153000;3;29;10904;4422;1
"аторика";1000000;1;7;31500;4339;1
"макрогол";1000000;1;8;18341;4276;1
"преднизолон мазь";135000;2;16;15044;4302;1
"хлористый кальций";134000;2;17;34179;4310;1
"мелиса";71000;1;6;99529;4301;1
"афлюдол";1000000;1;7;17837;4306;1
"корвалол капли инструкция по применению цена";850000;6;44;4986;4284;1
"кетанол";772000;1;7;7428;4328;1
"спитомин";1000000;1;8;15680;4310;1
"димексид гель цена";646000;3;18;26032;4312;1
"менсе отзывы";554000;2;12;18534;4304;1
"диаскинтест что такое";2000000;3;21;30454;4333;1
"спрей эксенза";88000;2;13;13771;4319;1
"мкц";1000000;1;3;41491;4296;1
"номидез";1000000;1;7;12839;4310;1
"витаон";1000000;1;6;29250;4336;1
"аптека ру тюмень";1000000;3;16;8637;4275;1
"аптека ру казань";1000000;3;16;6285;4227;1
"мазь преднизолон";107000;2;16;15120;4244;1
"хлорофилл жидкий";149000;2;16;39121;4254;1
"капли валемидин";130000;2;15;32729;4236;1
"лимфомиозот инструкция по применению цена";837000;5;41;13482;4251;1
"магния цитрат для чего";14000;4;22;17949;4227;1
"прокладки натурелла";122000;2;19;10322;4266;1
"лимфомиозот цена инструкция по применению";681000;5;41;13482;4251;1
"чистотел от бородавок";128000;3;21;11025;4257;1
"глутамин";1000000;1;8;24666;4247;1
"симкоксиб";3000;1;9;22555;4272;1
"блогир";997000;1;6;33982;4265;1
"ракстан";10000;1;7;21434;4234;1
"стрессовит";1000000;1;10;16899;4255;1
"чем полезны бананы";327000;3;18;16262;4275;1
"празиквантел";1000000;1;12;15466;4223;1
"сустанон";1000000;1;8;28942;4155;1
"тройчатка";1000000;1;9;64626;4172;1
"левометил";1000000;1;9;27145;4187;1
"солкосерил гель";120000;2;15;14432;4168;1
"крем комфодерм";125000;2;14;17783;4177;1
"простанорм";1000000;1;10;19441;4166;1
"беллатаминал";1000000;1;12;15024;4201;1
"малавит";1000000;1;7;44735;4181;1
"номидес 75 мг инструкция по применению цена";1000000;7;43;4388;4189;1
"комфодерм крем";153000;2;14;17783;4177;1
"валвир";1000000;1;6;21389;4204;1
"для измерения давления прибор";204000;4;29;40863;4193;1
"фавирокс";3000;1;8;16928;4167;1
"полидекс";1000000;1;8;177378;4189;1
"хондрогард трио";118000;2;15;13151;4212;1
"ко перинева таблетки";398000;3;20;18440;4144;1
"декспантенол мазь инструкция по применению цена";810000;6;47;5352;4094;1
"шампунь циновит";133000;2;15;10804;4113;1
"гэвкамен мазь";136000;2;13;16557;4131;1
"циновит шампунь";137000;2;15;10804;4113;1
"амбене био уколы";132000;3;16;23603;4122;1
"мексидол уколы инструкция по применению цена";834000;6;44;17051;4106;1
"визлея";4000;1;6;23163;4138;1
"аптека ру уфа";1000000;3;13;7707;4125;1
"гриппферон спрей";140000;2;16;11494;4134;1
"таблетки вальсакор";123000;2;18;20300;4118;1
"озокерит";1000000;1;8;24791;4141;1
"анжелик";1000000;1;7;738684;4134;1
"эдас 306";134000;2;8;20515;4112;1
"глибенкламид";1000000;1;12;17455;4132;1
"метадоксил инструкция по применению цена";837000;5;40;7761;4142;1
"таблетки магнерот";128000;2;17;19111;4092;1
"назонекс цена";666000;2;13;28138;4056;1
"синбиотик";1000000;1;9;43720;4076;1
"для роста волос витамины";359000;4;24;31396;4082;1
"антисептик";1000000;1;10;343174;4070;1
"крем лостерин";125000;2;13;12405;4081;1
"бетадин раствор цена инструкция по применению";641000;6;45;4512;4059;1
"плавикс";1000000;1;7;21190;4090;1
"нольпаза 40 мг инструкция по применению цена";1000000;7;44;4849;4081;1
"имунофан";1000000;1;8;22841;4084;1
"масло расторопши";191000;2;16;42129;4080;1
"депакин хроно";128000;2;13;20839;4090;1
"элькар инструкция по применению цена";830000;5;36;7799;4088;1
"бессмертник";4000;1;11;63410;4060;1
"витамины для роста волос";477000;4;24;31396;4082;1
"димексид гель цена инструкция по применению";745000;6;43;14725;4091;1
"асс";1000000;1;3;283232;4050;1
"гопантеновая кислота";135000;2;20;14132;3996;1
"как похудеть подростку";157000;3;22;17855;4016;1
"клареол гель";144000;2;12;36473;4025;1
"пантогам актив";205000;2;14;17240;4015;1
"аптека ру краснодар";1000000;3;19;6612;4023;1
"клотримазол таблетки";152000;2;20;24903;4005;1
"лостерин крем";130000;2;13;12261;4039;1
"гель клареол";144000;2;12;36473;4025;1
"хелат железа";148000;2;12;55960;4035;1
"мазь бензилбензоат";108000;2;18;16262;4021;1
"флуконазол 150";285000;2;14;42091;4044;1
"мелаксен таблетки";126000;2;17;14259;4035;1
"дулоксента";3000;1;10;18754;4011;1
"армолипид";1000000;1;9;15885;4026;1
"мазь гэвкамен";136000;2;13;16287;4048;1
"от отеков лимфомиозот";2000000;3;21;13599;3991;1
"мазь тербинафин инструкция по применению цена";692000;6;45;5181;3945;1
"элькарнитин";1000000;1;11;18686;3959;1
"мазь декспантенол инструкция по применению цена";650000;6;47;5193;3965;1
"дриптан";1000000;1;7;17363;3957;1
"пластырь космопор";108000;2;17;10909;3962;1
"анузол";1000000;1;6;37963;3950;1
"велдексал";3000;1;9;22470;3974;1
"ацикловир таблетки цена инструкция по применению";821000;6;48;6441;3965;1
"олиджим";1000000;1;7;40106;3970;1
"арника мазь";116000;2;11;16955;3960;1
"аптека ру личный кабинет";2000000;4;24;11350;3983;1
"тербинафин мазь инструкция по применению цена";833000;6;45;5176;3970;1
"джосет";1000000;1;6;36583;3953;1
"ацикловир таблетки инструкция по применению цена";741000;6;48;6441;3965;1
"себозол";1000000;1;7;17670;3991;1
"псиллиум капсулы";126000;2;16;18855;3941;1
"личный кабинет аптека ру";1000000;4;24;11102;3888;1
"шампунь лечебный от перхоти";103000;4;27;8534;3898;1
"аптека ру иркутск";1000000;3;17;7216;3911;1
"дрожжи пивные";109000;2;13;49293;3896;1
"такролимус";1000000;1;10;16895;3901;1
"тилорам";1000000;1;7;16395;3890;1
"капли ксилен";133000;2;12;14539;3918;1
"бетаин";1000000;1;6;30479;3910;1
"белара";1000000;1;6;30885;3912;1
"аппликатор";1000000;1;10;236231;3900;1
"траумель уколы";130000;2;14;22143;3927;1
"янтарная кислота инструкция по применению таблетки цена";859000;7;55;5183;3913;1
"кетанов таблетки инструкция по применению цена";753000;6;46;5479;3891;1
"вода для инъекций";374000;3;17;44580;3911;1
"клетчатка сибирская";131000;2;19;25672;3929;1
"коллаген купить";660000;2;15;86324;3886;1
"пиобактериофаг";1000000;1;14;24877;3834;1
"нормакс";1000000;1;7;22982;3843;1
"неотон";1000000;1;6;17985;3872;1
"аптека ру омск";1000000;3;14;7425;3841;1
"гидрокортизон глазная мазь";113000;3;26;12174;3851;1
"панкрамин";1000000;1;9;25039;3837;1
"аптека ру курск";1000000;3;15;6352;3880;1
"свечи метронидазол";148000;2;18;16006;3853;1
"акридерм мазь цена";671000;3;18;28093;3879;1
"валемидин капли для приема внутрь";343000;5;33;11742;3847;1
"пропосол";1000000;1;8;14910;3886;1
"прибор для измерения давления";264000;4;29;36139;3880;1
"пластырь евра";126000;2;13;17343;3837;1
"корилип";1000000;1;7;23745;3876;1
"купить коллаген";609000;2;15;86324;3886;1
"мемантин 10 мг инструкция по применению цена";2000000;7;44;4511;3826;1
"трипсин";1000000;1;7;32130;3750;1
"аптека ру липецк";1000000;3;16;5685;3768;1
"скин кап";168000;2;8;33986;3785;1
"аптека ру барнаул";1000000;3;17;6243;3763;1
"эзетемиб";1000000;1;8;8297;3775;1
"витамины для женщин";523000;3;19;241881;3757;1
"аптека ру тамбов";1000000;3;16;5788;3807;1
"драже мерц";159000;2;10;17956;3778;1
"брейнмакс";3000;1;9;15899;3798;1
"пивные дрожжи";137000;2;13;47763;3768;1
"крем для депиляции";148000;3;18;43637;3809;1
"стафилококковый бактериофаг";103000;2;27;13244;3802;1
"натамицин";1000000;1;9;22435;3760;1
"мазь арника";116000;2;11;16398;3797;1
"гель метронидазол";96000;2;17;11801;3810;1
"баларпан";1000000;1;8;20981;3749;1
"масло чайного дерева";294000;3;20;44797;3701;1
"комплигам";1000000;1;9;29243;3711;1
"радевит мазь";131000;2;12;23758;3732;1
"глазная тетрациклиновая мазь";58000;3;28;13202;3710;1
"мазь такропик";95000;2;13;13580;3716;1
"крем атопик";133000;2;11;11520;3701;1
"окопник";1000000;1;7;34977;3739;1
"аптека ру официальный";1000000;3;21;75055;3731;1
"атероклефит";1000000;1;11;21506;3734;1
"сермион 10 мг инструкция по применению цена";2000000;7;43;4672;3712;1
"зверобой трава";74000;2;14;23780;3744;1
"салипод пластырь";107000;2;16;12960;3736;1
"таблетки никотиновая кислота";110000;3;28;22716;3702;1
"капли тобрадекс глазные инструкция цена";467000;5;39;5641;3733;1
"дальнева";1000000;1;8;70241;3747;1
"атопик крем";154000;2;11;11520;3701;1
"гормон сна";127000;2;10;12262;3662;1
"линекс инструкция по применению цена";805000;5;36;12632;3675;1
"женьшеня настойка";109000;2;17;25184;3680;1
"скинорен гель";228000;2;13;9571;3673;1
"витамин в2";4000000;2;10;28057;3675;1
"масло авокадо";197000;2;13;37706;3664;1
"амбене";1000000;1;6;79257;3688;1
"магний солгар";112000;2;13;28526;3679;1
"псиллиум это";2000000;2;12;23654;3686;1
"мазь акридерм инструкция по применению";222000;5;38;27160;3675;1
"крем цинокап";107000;2;12;10521;3691;1
"метронидазол гель";138000;2;17;11467;3687;1
"чистотел от папиллом";128000;3;20;11889;3667;1
"рокона";1000000;1;6;18168;3686;1
"випросал";1000000;1;8;24566;3699;1
"мерц драже";124000;2;10;17007;3660;1
"эсмарха жгут";24000;2;12;10130;3619;1
"никотиновая кислота таблетки";157000;3;28;22774;3644;1
"ко дальнева таблетки";316000;3;20;16012;3652;1
"свечи овестин";147000;2;13;15965;3635;1
"мазь кловейт";91000;2;12;12952;3645;1
"аптека ру орел";1000000;3;14;6329;3622;1
"инозитол цена инструкция по применению";700000;5;38;7887;3658;1
"кловейт мазь";111000;2;12;13105;3650;1
"амбробене стоптуссин";128000;2;20;21152;3657;1
"аир";1000000;1;3;439844;3645;1
"инозитол инструкция по применению цена";833000;5;38;7887;3658;1
"афлубин";1000000;1;7;16346;3657;1
"тиаприд";1000000;1;7;11790;3634;1
"таблетки цистон инструкция по применению цена";703000;6;45;5291;3654;1
"аклиф";3000;1;5;15493;3658;1
"миноксидил для волос для женщин";559000;5;31;7884;3616;1
"квасцы жженые";112000;2;13;16539;3567;1
"цветы ноготки";394000;2;13;12971;3582;1
"апилак";1000000;1;6;15272;3590;1
"бисак";1000000;1;5;13767;3581;1
"тромбо асс таблетки покрытые кишечнорастворимой оболочкой";174000;6;57;8004;3587;1
"велсон";1000000;1;6;19119;3569;1
"сибирская клетчатка";166000;2;19;23533;3608;1
"аптека ру петрозаводск";1000000;3;22;5815;3589;1
"нурофаст";3000;1;8;17016;3601;1
"пустырник форте";140000;2;15;24883;3583;1
"таурин для чего нужен организму";700000;5;31;7711;3610;1
"иммунал";1000000;1;7;14751;3606;1
"блогир 3";3000000;2;8;18869;3580;1
"летрозол";1000000;1;8;20743;3594;1
"5htp";3000000;1;4;13423;3612;1
"жженые квасцы";107000;2;13;16539;3567;1
"диклофенак гель инструкция цена по применению";742000;6;45;7789;3517;1
"глазные капли тауфон цена";559000;4;25;23947;3530;1
"йодомарин 200";375000;2;13;13842;3545;1
"фарматекс";1000000;1;9;25065;3528;1
"цистон таблетки инструкция по применению цена";851000;6;45;5087;3541;1
"оксафорин";3000;1;9;14229;3518;1
"мазь ацикловир инструкция по применению цена";639000;6;44;4383;3560;1
"цистон таблетки цена инструкция по применению";652000;6;45;5087;3541;1
"арбидол 200 мг инструкция по применению цена";996000;7;44;4417;3553;1
"таблетки ко дальнева";108000;3;20;15324;3537;1
"диафлекс ромфарм капсулы";149000;3;24;12711;3560;1
"уриналгин";3000;1;9;14938;3557;1
"астрагал";1000000;1;8;30874;3527;1
"лименда свечи";173000;2;13;12829;3551;1
"таблетки роксера";104000;2;16;19741;3566;1
"дона уколы";412000;2;10;22492;3515;1
"риностейн";3000;1;9;13463;3460;1
"голда";111000;1;5;1176871;3474;1
"ринобакт";3000;1;8;14607;3482;1
"тенотен таблетки инструкция по применению цена";744000;6;46;4274;3469;1
"аптека ру пермь";1000000;3;15;5365;3482;1
"кордарон купить";755000;2;15;29805;3463;1
"гель кетопрофен инструкция по применению цена";682000;6;45;5096;3503;1
"вибуркол свечи";172000;2;14;14011;3482;1
"окувайт форте";140000;2;13;15253;3491;1
"амброксол инструкция по применению цена";830000;5;39;14902;3475;1
"свечи лименда";147000;2;13;12526;3506;1
"кетопрофен гель инструкция по применению цена";842000;6;45;5096;3503;1
"бандаж для беременных";179000;3;21;21310;3469;1
"мидзо";1000000;1;5;39665;3482;1
"мебеверин 200 мг инструкция по применению цена";966000;7;46;4662;3508;1
"купить фенибут";579000;2;14;19301;3459;1
"вазаламин инструкция по применению цена отзывы";1000000;6;46;6440;3416;1
"цинокап крем";142000;2;12;9741;3434;1
"ланнахер флуоксетин";79000;2;19;15167;3446;1
"инозин пранобекс";127000;2;16;11938;3433;1
"бильтрицид";1000000;1;10;17770;3439;1
"мазь левометил";106000;2;14;13942;3421;1
"триампур";1000000;1;8;17277;3451;1
"теймурова мазь";114000;2;14;11766;3444;1